Funny Fall Fails,People Tripping and Falling Compilation,https://www.youtube.com/watch?v=b8Wor08C-Bc,1¬†–º–ª–Ω ,23_09_2022,1 –¥–µ–Ω—å –Ω–∞–∑–∞–¥
Gonna Need A Bigger Boat!,Fails of the Week,https://www.youtube.com/watch?v=4vIEJ6y9Lqw,"2,9¬†–º–ª–Ω ",23_09_2022,6 –¥–Ω–µ–π –Ω–∞–∑–∞–¥
When Everything Goes Wrong,Fails Compilation,https://www.youtube.com/watch?v=MpHhFwKbRIQ,"5,9¬†–º–ª–Ω ",23_09_2022,8 –¥–Ω–µ–π –Ω–∞–∑–∞–¥
Down They Go!,Fails of the Week,https://www.youtube.com/watch?v=531LA7J83Xw,"3,6¬†–º–ª–Ω ",23_09_2022,13 –¥–Ω–µ–π –Ω–∞–∑–∞–¥
Total Idiots At Work,Funniest Office Fails,https://www.youtube.com/watch?v=V88Hc_taOYo,"2,6¬†–º–ª–Ω ",23_09_2022,2 –Ω–µ–¥–µ–ª–∏ –Ω–∞–∑–∞–¥
Animals Gone Wild!,Fails Of The Week,https://www.youtube.com/watch?v=iyA8Tu0g3-g,"2,2¬†–º–ª–Ω ",23_09_2022,2 –Ω–µ–¥–µ–ª–∏ –Ω–∞–∑–∞–¥
Russians Being Idiots: Fails Around The World,,https://www.youtube.com/watch?v=m8LxclIZ96I,6¬†–º–ª–Ω ,23_09_2022,3 –Ω–µ–¥–µ–ª–∏ –Ω–∞–∑–∞–¥
Kid Wipes Out!,Fails Of The Week,https://www.youtube.com/watch?v=BoCrYQqryY8,"2,5¬†–º–ª–Ω ",23_09_2022,3 –Ω–µ–¥–µ–ª–∏ –Ω–∞–∑–∞–¥
Epic Desert Fails,Hilarious Fails Of 2022,https://www.youtube.com/watch?v=kaQPAyEY9bg,"1,2¬†–º–ª–Ω ",23_09_2022,4 –Ω–µ–¥–µ–ª–∏ –Ω–∞–∑–∞–¥
Guy Traps Himself In Toy! Fails of the Week,FailArmy,https://www.youtube.com/watch?v=d361WAsMJB4,"2,8¬†–º–ª–Ω ",23_09_2022,1 –º–µ—Å—è—Ü –Ω–∞–∑–∞–¥
Aussies Being Idiots: Fails Around The World 2022,,https://www.youtube.com/watch?v=6LA2YUFaVrA,"3,7¬†–º–ª–Ω ",23_09_2022,1 –º–µ—Å—è—Ü –Ω–∞–∑–∞–¥
Baby Spills Paint EVERYWHERE! Fails of the Week,FailArmy,https://www.youtube.com/watch?v=4vHOG5LgiWI,"2,1¬†–º–ª–Ω ",23_09_2022,1 –º–µ—Å—è—Ü –Ω–∞–∑–∞–¥
People Having A Bad Day,Funny Fails Compilation Pt.3,https://www.youtube.com/watch?v=ypgp9EL5OZg,"6,6¬†–º–ª–Ω ",23_09_2022,1 –º–µ—Å—è—Ü –Ω–∞–∑–∞–¥
Get Back in the Saddle! Fails of the Week,FailArmy,https://www.youtube.com/watch?v=UMwa5sBYofg,"2,3¬†–º–ª–Ω ",23_09_2022,1 –º–µ—Å—è—Ü –Ω–∞–∑–∞–¥
Americans Being Idiots: Fails Around The World 2022,,https://www.youtube.com/watch?v=X6xoS38qbAw,"4,4¬†–º–ª–Ω ",23_09_2022,1 –º–µ—Å—è—Ü –Ω–∞–∑–∞–¥
Quick and Dirty - Fails of the Week,FailArmy,https://www.youtube.com/watch?v=KfeHyB_BXv8,"2,5¬†–º–ª–Ω ",23_09_2022,1 –º–µ—Å—è—Ü –Ω–∞–∑–∞–¥
People Being Idiots: Stupidity At Its Best,FailArmy,https://www.youtube.com/watch?v=CE4VIMWUQws,19¬†–º–ª–Ω ,23_09_2022,1 –º–µ—Å—è—Ü –Ω–∞–∑–∞–¥
Overly Ambitious - Fails of the Week,FailArmy,https://www.youtube.com/watch?v=udvVcw7KW-8,"3,1¬†–º–ª–Ω ",23_09_2022,2 –º–µ—Å—è—Ü–∞ –Ω–∞–∑–∞–¥
Dumb Drivers,,https://www.youtube.com/watch?v=tKTy16mC2g4,12¬†–º–ª–Ω ,23_09_2022,2 –º–µ—Å—è—Ü–∞ –Ω–∞–∑–∞–¥
Totally Totaled - Fails of the Week,FailArmy,https://www.youtube.com/watch?v=U3awc7YOt9M,"2,9¬†–º–ª–Ω ",23_09_2022,2 –º–µ—Å—è—Ü–∞ –Ω–∞–∑–∞–¥
I Hate My Family,,https://www.youtube.com/watch?v=PgJTBNnjt94,"3,4¬†–º–ª–Ω ",23_09_2022,2 –º–µ—Å—è—Ü–∞ –Ω–∞–∑–∞–¥
Best Fails of the Year (So Far) 2022,,https://www.youtube.com/watch?v=lNe1D_E3R8E,24¬†–º–ª–Ω ,23_09_2022,2 –º–µ—Å—è—Ü–∞ –Ω–∞–∑–∞–¥
Funniest Party Fails Ever,FailArmy,https://www.youtube.com/watch?v=6sCYmygjoVc,"1,4¬†–º–ª–Ω ",23_09_2022,2 –º–µ—Å—è—Ü–∞ –Ω–∞–∑–∞–¥
Don't Drink and Drive! Fails of the Week,FailArmy,https://www.youtube.com/watch?v=akHey2xF5O4,"3,1¬†–º–ª–Ω ",23_09_2022,2 –º–µ—Å—è—Ü–∞ –Ω–∞–∑–∞–¥
Most Awkward Public Moments Caught on Camera,,https://www.youtube.com/watch?v=2AMrOM32EQY,"2,9¬†–º–ª–Ω ",23_09_2022,2 –º–µ—Å—è—Ü–∞ –Ω–∞–∑–∞–¥
Going Big - Fails of the Week,FailArmy,https://www.youtube.com/watch?v=raZfHXX0_Lc,"2,2¬†–º–ª–Ω ",23_09_2022,2 –º–µ—Å—è—Ü–∞ –Ω–∞–∑–∞–¥
Anesthesia Fails w/ Patients Talking Funny,FailArmy,https://www.youtube.com/watch?v=7Llap75GsuY,849¬†—Ç—ã—Å. ,23_09_2022,3 –º–µ—Å—è—Ü–∞ –Ω–∞–∑–∞–¥
Swatted! Fails of the Week,FailArmy,https://www.youtube.com/watch?v=i_WndusYcMI,"2,7¬†–º–ª–Ω ",23_09_2022,3 –º–µ—Å—è—Ü–∞ –Ω–∞–∑–∞–¥
Hilarious Dad Fails - Father's Day Special,FailArmy,https://www.youtube.com/watch?v=jnqKTWFC37A,"2,5¬†–º–ª–Ω ",23_09_2022,3 –º–µ—Å—è—Ü–∞ –Ω–∞–∑–∞–¥
Brace For Impact! Fails of the Week,FailArmy,https://www.youtube.com/watch?v=QjeuJAxuiTY,"1,8¬†–º–ª–Ω ",23_09_2022,3 –º–µ—Å—è—Ü–∞ –Ω–∞–∑–∞–¥
Trips and Fails - Funny Travel Accidents Compilation,FailArmy,https://www.youtube.com/watch?v=W5lYSUwellg,"2,8¬†–º–ª–Ω ",23_09_2022,3 –º–µ—Å—è—Ü–∞ –Ω–∞–∑–∞–¥
Summer Bummers - Fails of the Week,FailArmy,https://www.youtube.com/watch?v=YBFPos0G_e4,"1,9¬†–º–ª–Ω ",23_09_2022,3 –º–µ—Å—è—Ü–∞ –Ω–∞–∑–∞–¥
Very Expensive Fails Compilation,FailArmy,https://www.youtube.com/watch?v=WWxLjAqSM18,"8,4¬†–º–ª–Ω ",23_09_2022,3 –º–µ—Å—è—Ü–∞ –Ω–∞–∑–∞–¥
Heads Up! Fails of the Week,FailArmy,https://www.youtube.com/watch?v=GLMgiq5l-Yw,2¬†–º–ª–Ω ,23_09_2022,3 –º–µ—Å—è—Ü–∞ –Ω–∞–∑–∞–¥
Surprised and Unexpected Fails,FailArmy,https://www.youtube.com/watch?v=Q7wajx1BjlA,"3,8¬†–º–ª–Ω ",23_09_2022,3 –º–µ—Å—è—Ü–∞ –Ω–∞–∑–∞–¥
Coming In Hot! Fails of the Week,FailArmy,https://www.youtube.com/watch?v=vuFfhRTKalw,"1,9¬†–º–ª–Ω ",23_09_2022,4 –º–µ—Å—è—Ü–∞ –Ω–∞–∑–∞–¥
Love Hurts - Funny Wedding Fails,FailArmy,https://www.youtube.com/watch?v=Ecr0-j8BivE,"2,7¬†–º–ª–Ω ",23_09_2022,4 –º–µ—Å—è—Ü–∞ –Ω–∞–∑–∞–¥
Day Ruined! Fails of the Week,FailArmy,https://www.youtube.com/watch?v=2o2fzpFrk8c,"2,2¬†–º–ª–Ω ",23_09_2022,4 –º–µ—Å—è—Ü–∞ –Ω–∞–∑–∞–¥
Funny Girl Fails - Motherhood Bloopers,FailArmy,https://www.youtube.com/watch?v=-AxH0yFcpyY,"1,7¬†–º–ª–Ω ",23_09_2022,4 –º–µ—Å—è—Ü–∞ –Ω–∞–∑–∞–¥
Watch The Face! Fails of the Week,FailArmy,https://www.youtube.com/watch?v=g-TwQ2wq-d4,"3,3¬†–º–ª–Ω ",23_09_2022,4 –º–µ—Å—è—Ü–∞ –Ω–∞–∑–∞–¥
Ultimate Funny Beach Fails 2022,FailArmy,https://www.youtube.com/watch?v=9i_ixxuEwfQ,"2,6¬†–º–ª–Ω ",23_09_2022,4 –º–µ—Å—è—Ü–∞ –Ω–∞–∑–∞–¥
Big Mistakes - Fails of the Week,FailArmy,https://www.youtube.com/watch?v=2gjKoP5bwbQ,"8,9¬†–º–ª–Ω ",23_09_2022,4 –º–µ—Å—è—Ü–∞ –Ω–∞–∑–∞–¥
Vacation Fails - Funny Travel Blunders,FailArmy,https://www.youtube.com/watch?v=UK0mkYUWSyY,"4,4¬†–º–ª–Ω ",23_09_2022,4 –º–µ—Å—è—Ü–∞ –Ω–∞–∑–∞–¥
When Down is Up - Fails Of The Week,FailArmy,https://www.youtube.com/watch?v=94ma_TGPCLQ,"3,1¬†–º–ª–Ω ",23_09_2022,5 –º–µ—Å—è—Ü–µ–≤ –Ω–∞–∑–∞–¥
Mega Mother Nature Fails Collection,FailArmy,https://www.youtube.com/watch?v=kOefV_H-CRs,"9,6¬†–º–ª–Ω ",23_09_2022,5 –º–µ—Å—è—Ü–µ–≤ –Ω–∞–∑–∞–¥
In The Dumps - Fails of the Week,FailArmy,https://www.youtube.com/watch?v=NHXCmigkkRA,"1,9¬†–º–ª–Ω ",23_09_2022,5 –º–µ—Å—è—Ü–µ–≤ –Ω–∞–∑–∞–¥
Funny Fails Around The World!,FailArmy,https://www.youtube.com/watch?v=645BXYpyW-Q,"8,4¬†–º–ª–Ω ",23_09_2022,5 –º–µ—Å—è—Ü–µ–≤ –Ω–∞–∑–∞–¥
Right Place Wrong Time - Fails of the Week,FailArmy,https://www.youtube.com/watch?v=7xjxIAs8RWA,"4,7¬†–º–ª–Ω ",23_09_2022,5 –º–µ—Å—è—Ü–µ–≤ –Ω–∞–∑–∞–¥
Ultimate Parking Fails - Funny Cars and Bad Drivers Compilation,FailArmy,https://www.youtube.com/watch?v=c_u8oPMBGEI,"6,5¬†–º–ª–Ω ",23_09_2022,5 –º–µ—Å—è—Ü–µ–≤ –Ω–∞–∑–∞–¥
Hard Landing - Fails of the Week,FailArmy,https://www.youtube.com/watch?v=5I8UzzqZJyQ,"4,2¬†–º–ª–Ω ",23_09_2022,5 –º–µ—Å—è—Ü–µ–≤ –Ω–∞–∑–∞–¥
Most Embarrassing Fails - Clumsy Funny People Compilation,FailArmy,https://www.youtube.com/watch?v=u8Lsl2Ec20A,"4,6¬†–º–ª–Ω ",23_09_2022,5 –º–µ—Å—è—Ü–µ–≤ –Ω–∞–∑–∞–¥
Too Much Send - Fails of the Week,FailArmy,https://www.youtube.com/watch?v=YkXa90RoENM,3¬†–º–ª–Ω ,23_09_2022,5 –º–µ—Å—è—Ü–µ–≤ –Ω–∞–∑–∞–¥
Watch Your Step! Funny Slips and Falls Compilation,FailArmy,https://www.youtube.com/watch?v=3RlqV-MikN0,"1,5¬†–º–ª–Ω ",23_09_2022,5 –º–µ—Å—è—Ü–µ–≤ –Ω–∞–∑–∞–¥
Weary Travels - Fails of the Week,FailArmy,https://www.youtube.com/watch?v=2nvKRc94o0Y,"5,2¬†–º–ª–Ω ",23_09_2022,6 –º–µ—Å—è—Ü–µ–≤ –Ω–∞–∑–∞–¥
Man's Best Friend Fails - Hilarious Dogs and Puppies Compilation,FailArmy,https://www.youtube.com/watch?v=W4R4bZkuUvE,"1,2¬†–º–ª–Ω ",23_09_2022,6 –º–µ—Å—è—Ü–µ–≤ –Ω–∞–∑–∞–¥
Down Bad - Fails of the Week,FailArmy,https://www.youtube.com/watch?v=hAKcWzjJKwk,"2,3¬†–º–ª–Ω ",23_09_2022,6 –º–µ—Å—è—Ü–µ–≤ –Ω–∞–∑–∞–¥
Worst Race Cars Ever - Track & Rally Fails,FailArmy,https://www.youtube.com/watch?v=Cz3S3jZ_Jtg,"3,2¬†–º–ª–Ω ",23_09_2022,6 –º–µ—Å—è—Ü–µ–≤ –Ω–∞–∑–∞–¥
Under Pressure - Fails of the Week,FailArmy,https://www.youtube.com/watch?v=RYn65SxYgfQ,"3,5¬†–º–ª–Ω ",23_09_2022,6 –º–µ—Å—è—Ü–µ–≤ –Ω–∞–∑–∞–¥
It Didn't Go How They Thought It Would // Expectation vs Reality,,https://www.youtube.com/watch?v=Y9YQFMxBwQE,"7,4¬†–º–ª–Ω ",23_09_2022,6 –º–µ—Å—è—Ü–µ–≤ –Ω–∞–∑–∞–¥
Outdoors and in Trouble - Fails of the Week,FailArmy,https://www.youtube.com/watch?v=f9n1or4NgBQ,"1,9¬†–º–ª–Ω ",23_09_2022,6 –º–µ—Å—è—Ü–µ–≤ –Ω–∞–∑–∞–¥
Try Not To Laugh,Hilarious Fails Caught on Camera,https://www.youtube.com/watch?v=iglu_K_vbAY,"6,6¬†–º–ª–Ω ",23_09_2022,6 –º–µ—Å—è—Ü–µ–≤ –Ω–∞–∑–∞–¥
Don't Do This While Painting! Fails of the Week,FailArmy,https://www.youtube.com/watch?v=NiWFLxJOrTA,"1,6¬†–º–ª–Ω ",23_09_2022,7 –º–µ—Å—è—Ü–µ–≤ –Ω–∞–∑–∞–¥
Sloppy Snow Sports,Winter Athletics Fails Compilation,https://www.youtube.com/watch?v=lMv2QvPF5Ws,897¬†—Ç—ã—Å. ,23_09_2022,7 –º–µ—Å—è—Ü–µ–≤ –Ω–∞–∑–∞–¥
Barn Gets Destroyed! Fails Of The Week,FailArmy,https://www.youtube.com/watch?v=QZodOg76f48,"2,2¬†–º–ª–Ω ",23_09_2022,7 –º–µ—Å—è—Ü–µ–≤ –Ω–∞–∑–∞–¥
Fails With Benefits,Valentine's Day Couples Fails,https://www.youtube.com/watch?v=V150SXtUWAw,"2,4¬†–º–ª–Ω ",23_09_2022,7 –º–µ—Å—è—Ü–µ–≤ –Ω–∞–∑–∞–¥
Bear Attacks Man - Best Fails Of The Week,,https://www.youtube.com/watch?v=lHYQTJE8UPo,"2,3¬†–º–ª–Ω ",23_09_2022,7 –º–µ—Å—è—Ü–µ–≤ –Ω–∞–∑–∞–¥
People Having A Bad Day,Funny Fails Compilation Pt.2,https://www.youtube.com/watch?v=GoCASqOnyJ4,11¬†–º–ª–Ω ,23_09_2022,7 –º–µ—Å—è—Ü–µ–≤ –Ω–∞–∑–∞–¥
Down and Out! Fails of the Week,FailArmy,https://www.youtube.com/watch?v=VUXJCKwB9Ag,"3,7¬†–º–ª–Ω ",23_09_2022,7 –º–µ—Å—è—Ü–µ–≤ –Ω–∞–∑–∞–¥
"Work Hard, Fail Harder",Funny Job and Workplace Mistakes,https://www.youtube.com/watch?v=g9eS3ND9TsQ,"9,3¬†–º–ª–Ω ",23_09_2022,7 –º–µ—Å—è—Ü–µ–≤ –Ω–∞–∑–∞–¥
Riding Dirty - Fails of the Week,FailArmy,https://www.youtube.com/watch?v=ilaM2JX0ep0,"5,5¬†–º–ª–Ω ",23_09_2022,8 –º–µ—Å—è—Ü–µ–≤ –Ω–∞–∑–∞–¥
Crazy Dashcam Fails - Bad Drivers and Road Mayhem Compilation,FailArmy,https://www.youtube.com/watch?v=WUoIgQI2wPA,15¬†–º–ª–Ω ,23_09_2022,8 –º–µ—Å—è—Ü–µ–≤ –Ω–∞–∑–∞–¥
Face The Pain - Fails of the Week,FailArmy,https://www.youtube.com/watch?v=NMPvSJMbtqY,"4,2¬†–º–ª–Ω ",23_09_2022,8 –º–µ—Å—è—Ü–µ–≤ –Ω–∞–∑–∞–¥
Winter's Worst Wipeouts,FailArmy,https://www.youtube.com/watch?v=cNBFFR5IFHY,2¬†–º–ª–Ω ,23_09_2022,8 –º–µ—Å—è—Ü–µ–≤ –Ω–∞–∑–∞–¥
2022 Is Gonna HURT! - Fails of the Week,FailArmy,https://www.youtube.com/watch?v=ME8hn4gdHIc,"5,7¬†–º–ª–Ω ",23_09_2022,8 –º–µ—Å—è—Ü–µ–≤ –Ω–∞–∑–∞–¥
"New Year, Same Bod",Funny Fitness Fails Compilation,https://www.youtube.com/watch?v=rg9FzNti3A4,"3,3¬†–º–ª–Ω ",23_09_2022,8 –º–µ—Å—è—Ü–µ–≤ –Ω–∞–∑–∞–¥
Hard Stop - Last Fails of the Week 2021,FailArmy,https://www.youtube.com/watch?v=qEVSG2fgMMI,"4,5¬†–º–ª–Ω ",23_09_2022,8 –º–µ—Å—è—Ü–µ–≤ –Ω–∞–∑–∞–¥
Damn Nature You Scary Pt. 2,Funny Scary Animal Encounters,https://www.youtube.com/watch?v=0nUeIjPrsCM,27¬†–º–ª–Ω ,23_09_2022,8 –º–µ—Å—è—Ü–µ–≤ –Ω–∞–∑–∞–¥
Christmas Fails of the Week,FailArmy,https://www.youtube.com/watch?v=BjdEP-0dETg,"4,7¬†–º–ª–Ω ",23_09_2022,8 –º–µ—Å—è—Ü–µ–≤ –Ω–∞–∑–∞–¥
The Best Pranks of 2021,FailArmy,https://www.youtube.com/watch?v=FbN7aKYrtgk,5¬†–º–ª–Ω ,23_09_2022,9 –º–µ—Å—è—Ü–µ–≤ –Ω–∞–∑–∞–¥
Mission Failed - Fails of the Week,FailArmy,https://www.youtube.com/watch?v=lSvwZN25tfc,"3,8¬†–º–ª–Ω ",23_09_2022,9 –º–µ—Å—è—Ü–µ–≤ –Ω–∞–∑–∞–¥
Most EPIC EXPENSIVE Fails,Wrecks and Damage Compilation 2021,https://www.youtube.com/watch?v=HmdyupSfrfc,14¬†–º–ª–Ω ,23_09_2022,9 –º–µ—Å—è—Ü–µ–≤ –Ω–∞–∑–∞–¥
Best Fails Of The Year 2021,FailArmy,https://www.youtube.com/watch?v=BNiTVsAlzlc,69¬†–º–ª–Ω ,23_09_2022,9 –º–µ—Å—è—Ü–µ–≤ –Ω–∞–∑–∞–¥
Ultimate Security Camera Fails,Best of CCTV 2021 Compilation,https://www.youtube.com/watch?v=_2tSBxyAwLs,20¬†–º–ª–Ω ,23_09_2022,9 –º–µ—Å—è—Ü–µ–≤ –Ω–∞–∑–∞–¥
Life of the Party,Group Fails Compilation,https://www.youtube.com/watch?v=VFV4V-lOQ3w,"4,5¬†–º–ª–Ω ",23_09_2022,9 –º–µ—Å—è—Ü–µ–≤ –Ω–∞–∑–∞–¥
World Gone Wild - Fails of the Week,FailArmy,https://www.youtube.com/watch?v=ZvcOQKI5EGM,4¬†–º–ª–Ω ,23_09_2022,10 –º–µ—Å—è—Ü–µ–≤ –Ω–∞–∑–∞–¥
Idiots On Bikes,Hilarious Cyclist Fails Compilation,https://www.youtube.com/watch?v=YS15RLUQ_FU,55¬†–º–ª–Ω ,23_09_2022,10 –º–µ—Å—è—Ü–µ–≤ –Ω–∞–∑–∞–¥
Perfect 10,Feats of Failed Athleticism,https://www.youtube.com/watch?v=NEJVomliQHc,3¬†–º–ª–Ω ,23_09_2022,10 –º–µ—Å—è—Ü–µ–≤ –Ω–∞–∑–∞–¥
Collision Courses - Fails of the Week,FailArmy,https://www.youtube.com/watch?v=FDZCRlrBik4,12¬†–º–ª–Ω ,23_09_2022,10 –º–µ—Å—è—Ü–µ–≤ –Ω–∞–∑–∞–¥
Idiots In Cars,Ridiculous Driver Fails of 2021,https://www.youtube.com/watch?v=iAsbV1oAkDc,26¬†–º–ª–Ω ,23_09_2022,10 –º–µ—Å—è—Ü–µ–≤ –Ω–∞–∑–∞–¥
Brace Yourself! Fails of the Week,FailArmy,https://www.youtube.com/watch?v=7rrpLV-jBw0,"3,4¬†–º–ª–Ω ",23_09_2022,10 –º–µ—Å—è—Ü–µ–≤ –Ω–∞–∑–∞–¥
FORE! Best Fails of Golfing Gone Wrong,,https://www.youtube.com/watch?v=JDmpR3B0L-U,"1,3¬†–º–ª–Ω ",23_09_2022,10 –º–µ—Å—è—Ü–µ–≤ –Ω–∞–∑–∞–¥
Surprise Headaches! Fails of the Week,FailArmy,https://www.youtube.com/watch?v=vMsgjIiOnhU,"3,1¬†–º–ª–Ω ",23_09_2022,11 –º–µ—Å—è—Ü–µ–≤ –Ω–∞–∑–∞–¥
People Vs Nature Fails,Crazy Weather Caught on Camera,https://www.youtube.com/watch?v=IFxZoAp0T-0,23¬†–º–ª–Ω ,23_09_2022,11 –º–µ—Å—è—Ü–µ–≤ –Ω–∞–∑–∞–¥
Don't Flinch! Fails of the Week,FailArmy,https://www.youtube.com/watch?v=YBfN2MKs_Uo,"4,1¬†–º–ª–Ω ",23_09_2022,11 –º–µ—Å—è—Ü–µ–≤ –Ω–∞–∑–∞–¥
FAILS AROUND THE GLOBE,Worldwide Compilation of Failure,https://www.youtube.com/watch?v=Ikq__lBIQ5s,"8,6¬†–º–ª–Ω ",23_09_2022,11 –º–µ—Å—è—Ü–µ–≤ –Ω–∞–∑–∞–¥
Collateral Damage - Fails of the Week,FailArmy,https://www.youtube.com/watch?v=zyuBLDt_dC8,3¬†–º–ª–Ω ,23_09_2022,11 –º–µ—Å—è—Ü–µ–≤ –Ω–∞–∑–∞–¥
EXPECTATION vs REALITY,Cool Stunts & Fails Compilation,https://www.youtube.com/watch?v=nzloNZNIhQ4,21¬†–º–ª–Ω ,23_09_2022,11 –º–µ—Å—è—Ü–µ–≤ –Ω–∞–∑–∞–¥
Don‚Äôt Freak Out! Fails of the Week,FailArmy,https://www.youtube.com/watch?v=nj8lVT3QwaY,"3,3¬†–º–ª–Ω ",23_09_2022,11 –º–µ—Å—è—Ü–µ–≤ –Ω–∞–∑–∞–¥
Tricks That Failed Miserably,Stunt Fails 2021,https://www.youtube.com/watch?v=AzfbwiXsrY4,"1,3¬†–º–ª–Ω ",23_09_2022,11 –º–µ—Å—è—Ü–µ–≤ –Ω–∞–∑–∞–¥
Cruel and Unusual - Fails of the Week,FailArmy,https://www.youtube.com/watch?v=3jPSQvrPb-0,10¬†–º–ª–Ω ,23_09_2022,11 –º–µ—Å—è—Ü–µ–≤ –Ω–∞–∑–∞–¥
FIRST DAY OF FALL,Autumn Fails Compilation,https://www.youtube.com/watch?v=RR0b6K5Uk_k,4¬†–º–ª–Ω ,23_09_2022,1 –≥–æ–¥ –Ω–∞–∑–∞–¥
Best Worst Days Ever - Fails of the Week,FailArmy,https://www.youtube.com/watch?v=vzAVqF_KVLE,8¬†–º–ª–Ω ,23_09_2022,1 –≥–æ–¥ –Ω–∞–∑–∞–¥
Fails On A Plane,Wild Travel and Flying Fails Compilation,https://www.youtube.com/watch?v=tN5q2AQTTJ8,"8,4¬†–º–ª–Ω ",23_09_2022,1 –≥–æ–¥ –Ω–∞–∑–∞–¥
Timeout!,Hilarious Sports Fails 2021,https://www.youtube.com/watch?v=hxHSKTy4k_A,"2,8¬†–º–ª–Ω ",23_09_2022,1 –≥–æ–¥ –Ω–∞–∑–∞–¥
Watch Where You're Failing! Fails of the Week - FailArmy,,https://www.youtube.com/watch?v=pZG_0nX5nEY,"4,8¬†–º–ª–Ω ",23_09_2022,1 –≥–æ–¥ –Ω–∞–∑–∞–¥
Damn Nature You Scary,Funny Scary Animal Encounters,https://www.youtube.com/watch?v=XnitQYkYYcw,162¬†–º–ª–Ω ,23_09_2022,1 –≥–æ–¥ –Ω–∞–∑–∞–¥
Old People Being Clumsy For 8 Minutes Straight üòÇ,,https://www.youtube.com/watch?v=XbJ8J95iXb0,"1,4¬†–º–ª–Ω ",23_09_2022,1 –≥–æ–¥ –Ω–∞–∑–∞–¥
You‚Äôre Doing It Wrong! Fails of the Week,FailArmy,https://www.youtube.com/watch?v=swb6UVPvW4A,12¬†–º–ª–Ω ,23_09_2022,1 –≥–æ–¥ –Ω–∞–∑–∞–¥
Kids Say The Funniest Things,Funny Moments Compilation,https://www.youtube.com/watch?v=j8rl11LLRbs,"1,4¬†–º–ª–Ω ",23_09_2022,1 –≥–æ–¥ –Ω–∞–∑–∞–¥
You Wouldn't Believe It!,Unbelievable Fails Compilation,https://www.youtube.com/watch?v=uP-T7CtSiPU,16¬†–º–ª–Ω ,23_09_2022,1 –≥–æ–¥ –Ω–∞–∑–∞–¥
How to Make Your Friends Mad - Fails of the Week,FailArmy,https://www.youtube.com/watch?v=AzqERDI-Ri8,"5,6¬†–º–ª–Ω ",23_09_2022,1 –≥–æ–¥ –Ω–∞–∑–∞–¥
OLD DOG NEW FAILS,Dogs Failing Compilation,https://www.youtube.com/watch?v=Qv58hR2SGkg,"3,8¬†–º–ª–Ω ",23_09_2022,1 –≥–æ–¥ –Ω–∞–∑–∞–¥
People Having A Bad Day,Funny Fails Compilation,https://www.youtube.com/watch?v=J7xddqV73bM,15¬†–º–ª–Ω ,23_09_2022,1 –≥–æ–¥ –Ω–∞–∑–∞–¥
Surprise Wreckage - Fails of the Week,FailArmy,https://www.youtube.com/watch?v=gdqOcVC4UfE,"6,9¬†–º–ª–Ω ",23_09_2022,1 –≥–æ–¥ –Ω–∞–∑–∞–¥
Don‚Äôt Mess With My Car!,Funny Vehicle Fails,https://www.youtube.com/watch?v=u1y2eBpo9aM,"2,1¬†–º–ª–Ω ",23_09_2022,1 –≥–æ–¥ –Ω–∞–∑–∞–¥
I QUIT! Funniest Workplace Fails,,https://www.youtube.com/watch?v=mPWJGXXBxpg,"7,6¬†–º–ª–Ω ",23_09_2022,1 –≥–æ–¥ –Ω–∞–∑–∞–¥
It‚Äôs Not How It Looks! Fails of the Week,FailArmy,https://www.youtube.com/watch?v=BqZIldZCneE,12¬†–º–ª–Ω ,23_09_2022,1 –≥–æ–¥ –Ω–∞–∑–∞–¥
Most SAVAGE Siblings,Funniest Sibling Pranks & Fails ü§£,https://www.youtube.com/watch?v=f5lu-fwM9tI,"1,8¬†–º–ª–Ω ",23_09_2022,1 –≥–æ–¥ –Ω–∞–∑–∞–¥
Expensive Boat Fails Caught On Camera,FailArmy,https://www.youtube.com/watch?v=YqseTGOnzYg,15¬†–º–ª–Ω ,23_09_2022,1 –≥–æ–¥ –Ω–∞–∑–∞–¥
Why You NEED a Helmet - Fails of the Week,FailArmy,https://www.youtube.com/watch?v=xWTWjHq2YM8,"2,4¬†–º–ª–Ω ",23_09_2022,1 –≥–æ–¥ –Ω–∞–∑–∞–¥
Funny Cat Fails,Funny Cat Compilation - FailArmy,https://www.youtube.com/watch?v=DHfRfU3XUEo,2¬†–º–ª–Ω ,23_09_2022,1 –≥–æ–¥ –Ω–∞–∑–∞–¥
Monkey Steals From Security Guard - Fails of the Week,,https://www.youtube.com/watch?v=7QXobTRMDew,"1,6¬†–º–ª–Ω ",23_09_2022,1 –≥–æ–¥ –Ω–∞–∑–∞–¥
BFF: Best Friend Fails Compilation 2021,,https://www.youtube.com/watch?v=cJUBsB-Mxn4,"3,3¬†–º–ª–Ω ",23_09_2022,1 –≥–æ–¥ –Ω–∞–∑–∞–¥
Why You Shouldn't Show Off - Fails of the Week,FailArmy,https://www.youtube.com/watch?v=l9Q4lQVSvAg,"5,2¬†–º–ª–Ω ",23_09_2022,1 –≥–æ–¥ –Ω–∞–∑–∞–¥
BEST KNOCKDOWNS & WIPEOUTS,FailArmy,https://www.youtube.com/watch?v=RDNyWsX5yOk,"4,2¬†–º–ª–Ω ",23_09_2022,1 –≥–æ–¥ –Ω–∞–∑–∞–¥
FOOLS IN POOLS (Funny Pool Fails),FailArmy,https://www.youtube.com/watch?v=V_cRKk7y4OA,"7,7¬†–º–ª–Ω ",23_09_2022,1 –≥–æ–¥ –Ω–∞–∑–∞–¥
Instant Regret Compilation (Big Mistake),FailArmy,https://www.youtube.com/watch?v=iHhlXAmzSBc,"6,9¬†–º–ª–Ω ",23_09_2022,1 –≥–æ–¥ –Ω–∞–∑–∞–¥
BEST FAILS OF THE YEAR (So Far) 2021,FailArmy,https://www.youtube.com/watch?v=jNMb2YMmZI0,29¬†–º–ª–Ω ,23_09_2022,1 –≥–æ–¥ –Ω–∞–∑–∞–¥
Messy Food Fails,How Not To Cook 2021,https://www.youtube.com/watch?v=srEOVbJaUnw,"1,2¬†–º–ª–Ω ",23_09_2022,1 –≥–æ–¥ –Ω–∞–∑–∞–¥
Relentless Accidents - Fails of the Week,FailArmy,https://www.youtube.com/watch?v=POJp6Pbd-8I,"3,1¬†–º–ª–Ω ",23_09_2022,1 –≥–æ–¥ –Ω–∞–∑–∞–¥
Funny Reaction Fails,Try Not To Laugh 2021,https://www.youtube.com/watch?v=1niSWGlGyvo,"2,3¬†–º–ª–Ω ",23_09_2022,1 –≥–æ–¥ –Ω–∞–∑–∞–¥
The Taste of Fail - Fails Of The Week,FailArmy,https://www.youtube.com/watch?v=x4dOHZzbPvA,"6,1¬†–º–ª–Ω ",23_09_2022,1 –≥–æ–¥ –Ω–∞–∑–∞–¥
Held onto that umbrella with an iron grip. üí™,,https://www.youtube.com/shorts/xTJSoc6AwOI,309¬†—Ç—ã—Å. ,23_09_2022,1 –≥–æ–¥ –Ω–∞–∑–∞–¥
Beautiful day for a swim! üòÇ #FailArmy,,https://www.youtube.com/shorts/LG8zGSaHmFo,307¬†—Ç—ã—Å. ,23_09_2022,1 –≥–æ–¥ –Ω–∞–∑–∞–¥
At least the trailer is clean ü§£ #FailArmy,,https://www.youtube.com/shorts/1-_xUafkxt8,293¬†—Ç—ã—Å. ,23_09_2022,1 –≥–æ–¥ –Ω–∞–∑–∞–¥
About 10 degrees from an ACL tear.,,https://www.youtube.com/shorts/h_oP9SG-_aY,251¬†—Ç—ã—Å. ,23_09_2022,1 –≥–æ–¥ –Ω–∞–∑–∞–¥
This happens when you overdress but underpower.,,https://www.youtube.com/shorts/6VQcz6zokEs,230¬†—Ç—ã—Å. ,23_09_2022,1 –≥–æ–¥ –Ω–∞–∑–∞–¥
This man needs a turtle shell!,,https://www.youtube.com/shorts/VCjyxHgZC4c,261¬†—Ç—ã—Å. ,23_09_2022,1 –≥–æ–¥ –Ω–∞–∑–∞–¥
Selfie Fail Compilation üì∑,,https://www.youtube.com/watch?v=dXhleLEM3eE,"1,2¬†–º–ª–Ω ",23_09_2022,1 –≥–æ–¥ –Ω–∞–∑–∞–¥
Angry Farmer Flips Car Off His Land - Fails Of The Week,FailArmy,https://www.youtube.com/watch?v=T4R_wEp4FHo,"3,1¬†–º–ª–Ω ",23_09_2022,1 –≥–æ–¥ –Ω–∞–∑–∞–¥
FATHERS FAILING FOR EIGHT MINUTES STRAIGHT,,https://www.youtube.com/watch?v=eOeWxndrtiA,"1,6¬†–º–ª–Ω ",23_09_2022,1 –≥–æ–¥ –Ω–∞–∑–∞–¥
Failing Fast and Hard - Fails of the Week,FailArmy,https://www.youtube.com/watch?v=XDxeczB5IrY,"3,1¬†–º–ª–Ω ",23_09_2022,1 –≥–æ–¥ –Ω–∞–∑–∞–¥
Epic Bicycle Bloopers,Fails Compilation,https://www.youtube.com/watch?v=0xyS2LrhXF8,"3,2¬†–º–ª–Ω ",23_09_2022,1 –≥–æ–¥ –Ω–∞–∑–∞–¥
Nature Strikes Back - Fails of the Week,FailArmy,https://www.youtube.com/watch?v=ZYlolF_vYxg,"1,7¬†–º–ª–Ω ",23_09_2022,1 –≥–æ–¥ –Ω–∞–∑–∞–¥
Summertime Madness,Fails Compilation,https://www.youtube.com/watch?v=nwG2HyDr-W8,"1,1¬†–º–ª–Ω ",23_09_2022,1 –≥–æ–¥ –Ω–∞–∑–∞–¥
Why Do This To Yourself? Fails of the Week,FailArmy,https://www.youtube.com/watch?v=wkNnXpcvceY,10¬†–º–ª–Ω ,23_09_2022,1 –≥–æ–¥ –Ω–∞–∑–∞–¥
GAME OVER,FUNNY VIRTUAL REALITY FAILS,https://www.youtube.com/watch?v=o6wO0pL0tQs,632¬†—Ç—ã—Å. ,23_09_2022,1 –≥–æ–¥ –Ω–∞–∑–∞–¥
People Getting Wrecked - Fails of the Week,FailArmy,https://www.youtube.com/watch?v=9V8YC1aNU8o,11¬†–º–ª–Ω ,23_09_2022,1 –≥–æ–¥ –Ω–∞–∑–∞–¥
Crazy Ride Reactions -  Scream Machine,,https://www.youtube.com/watch?v=pA-lVdX2WJk,"3,1¬†–º–ª–Ω ",23_09_2022,1 –≥–æ–¥ –Ω–∞–∑–∞–¥
Scare Fails! Fails of the Week,FailArmy,https://www.youtube.com/watch?v=AcVW0AvkgGc,"1,4¬†–º–ª–Ω ",23_09_2022,1 –≥–æ–¥ –Ω–∞–∑–∞–¥
She Didn't EXPECT THAT!,,https://www.youtube.com/watch?v=HRBjQfk0-c8,"2,4¬†–º–ª–Ω ",23_09_2022,1 –≥–æ–¥ –Ω–∞–∑–∞–¥
Ripping Up the Highway - Fails of the Week,FailArmy,https://www.youtube.com/watch?v=Cs_hfsu1wd0,1¬†–º–ª–Ω ,23_09_2022,1 –≥–æ–¥ –Ω–∞–∑–∞–¥
57 Workout Fails You DON'T Want To Repeat! FailArmy,,https://www.youtube.com/watch?v=QZLWn5UsdjA,"8,1¬†–º–ª–Ω ",23_09_2022,1 –≥–æ–¥ –Ω–∞–∑–∞–¥
Faceplants for the Earth - Fails of the Week,FailArmy,https://www.youtube.com/watch?v=SLdC3i8WGhY,"2,4¬†–º–ª–Ω ",23_09_2022,1 –≥–æ–¥ –Ω–∞–∑–∞–¥
Why You Shouldn't Walk On A Frozen Lake,Human vs Earth Fails,https://www.youtube.com/watch?v=e6ES1X-ZHyw,1¬†–º–ª–Ω ,23_09_2022,1 –≥–æ–¥ –Ω–∞–∑–∞–¥
Elephant Enjoys a Relaxing Afternoon #shorts,,https://www.youtube.com/shorts/16HVKAwjRNQ,238¬†—Ç—ã—Å. ,23_09_2022,1 –≥–æ–¥ –Ω–∞–∑–∞–¥
Don‚Äôt Put Your Finger There! Fails of the Week,FailArmy,https://www.youtube.com/watch?v=Om8HI2OJlMo,"2,6¬†–º–ª–Ω ",23_09_2022,1 –≥–æ–¥ –Ω–∞–∑–∞–¥
Who's Gonna Pay?,Funny Expensive Fails Compilation 2021,https://www.youtube.com/watch?v=E9gfi1snEms,"2,6¬†–º–ª–Ω ",23_09_2022,1 –≥–æ–¥ –Ω–∞–∑–∞–¥
Bad Hair Day! Fails of the Week,FailArmy,https://www.youtube.com/watch?v=VtwBGl30L_c,"1,6¬†–º–ª–Ω ",23_09_2022,1 –≥–æ–¥ –Ω–∞–∑–∞–¥
People Vs Animals: Funny Animal Fails Compilation,,https://www.youtube.com/watch?v=jUCv_oi0kDo,"5,2¬†–º–ª–Ω ",23_09_2022,1 –≥–æ–¥ –Ω–∞–∑–∞–¥
Monkey Attacks Woman! Fails of the Week,FailArmy,https://www.youtube.com/watch?v=rdS6nod-p_I,"1,8¬†–º–ª–Ω ",23_09_2022,1 –≥–æ–¥ –Ω–∞–∑–∞–¥
Never-Ending Shampoo: Best Pranks Compilation 2021,,https://www.youtube.com/watch?v=BVL3hBbqW_I,839¬†—Ç—ã—Å. ,23_09_2022,1 –≥–æ–¥ –Ω–∞–∑–∞–¥
Mommy's A WHAT?! Fails Of The Week,FailArmy,https://www.youtube.com/watch?v=CSM4ALwp94Y,"1,5¬†–º–ª–Ω ",23_09_2022,1 –≥–æ–¥ –Ω–∞–∑–∞–¥
Funny Spring Break Fails 2021,FailArmy,https://www.youtube.com/watch?v=-rHRiqJ0SzI,"1,7¬†–º–ª–Ω ",23_09_2022,1 –≥–æ–¥ –Ω–∞–∑–∞–¥
Funniest Rides,Fails of the Week,https://www.youtube.com/watch?v=fwQ8FW7cHq4,"2,1¬†–º–ª–Ω ",23_09_2022,1 –≥–æ–¥ –Ω–∞–∑–∞–¥
When The Ice Breaks... Fails of The Week,FailArmy 2021,https://www.youtube.com/watch?v=wPo3_tzFT2U,"4,4¬†–º–ª–Ω ",23_09_2022,1 –≥–æ–¥ –Ω–∞–∑–∞–¥
Best Women Pranks of 2021 So Far,,https://www.youtube.com/watch?v=64R-K7h7Ppc,"1,3¬†–º–ª–Ω ",23_09_2022,1 –≥–æ–¥ –Ω–∞–∑–∞–¥
Waves of Failure,,https://www.youtube.com/watch?v=qk8ss6ux1B4,"2,5¬†–º–ª–Ω ",23_09_2022,1 –≥–æ–¥ –Ω–∞–∑–∞–¥
CAUGHT ON CAM,Security Cameras Compilation 2021,https://www.youtube.com/watch?v=bD5-sHcjyts,14¬†–º–ª–Ω ,23_09_2022,1 –≥–æ–¥ –Ω–∞–∑–∞–¥
Worst Place To Park: Fails of the Week 2021,FailArmy,https://www.youtube.com/watch?v=Gmvb7_xkA24,5¬†–º–ª–Ω ,23_09_2022,1 –≥–æ–¥ –Ω–∞–∑–∞–¥
Unexpected And Embarrassing Fart Moments: Funny Videos,FailArmy,https://www.youtube.com/watch?v=EzVMV2ZJzsM,"7,3¬†–º–ª–Ω ",23_09_2022,1 –≥–æ–¥ –Ω–∞–∑–∞–¥
Sticky Situations: Fails of the Week (February 2021),FailArmy,https://www.youtube.com/watch?v=WL8qH3BCScI,"2,9¬†–º–ª–Ω ",23_09_2022,1 –≥–æ–¥ –Ω–∞–∑–∞–¥
Best Wedding Fails,Funniest Wedding Fails Compilation 2021,https://www.youtube.com/watch?v=trgX6B7DvL4,"6,9¬†–º–ª–Ω ",23_09_2022,1 –≥–æ–¥ –Ω–∞–∑–∞–¥
Winter Meltdown,Fails Of The Week (February 2021),https://www.youtube.com/watch?v=PSczpmmwVDI,"1,3¬†–º–ª–Ω ",23_09_2022,1 –≥–æ–¥ –Ω–∞–∑–∞–¥
WINTER is the Fail Time Of The Year! - Funny Snow Fails,FailArmy,https://www.youtube.com/watch?v=s1O8BJD3QH4,"6,4¬†–º–ª–Ω ",23_09_2022,1 –≥–æ–¥ –Ω–∞–∑–∞–¥
Back To Nature,Fails of the Week (February 2021),https://www.youtube.com/watch?v=_UtXt-b0sfk,3¬†–º–ª–Ω ,23_09_2022,1 –≥–æ–¥ –Ω–∞–∑–∞–¥
Funny Family Fails,FailArmy 2021,https://www.youtube.com/watch?v=707CHMEDl4s,"1,6¬†–º–ª–Ω ",23_09_2022,1 –≥–æ–¥ –Ω–∞–∑–∞–¥
Fall So Good: Fails of the Week (January 2021),FailArmy,https://www.youtube.com/watch?v=_dZx-gIjAVc,"3,7¬†–º–ª–Ω ",23_09_2022,1 –≥–æ–¥ –Ω–∞–∑–∞–¥
What Were They Thinking?  Self-Inflicted Fails,FailArmy,https://www.youtube.com/watch?v=Kp2jYMbRxPM,"1,6¬†–º–ª–Ω ",23_09_2022,1 –≥–æ–¥ –Ω–∞–∑–∞–¥
Flour Power: Fails of the Week (January 2021),FailArmy,https://www.youtube.com/watch?v=cyUQq8_W99o,"1,4¬†–º–ª–Ω ",23_09_2022,1 –≥–æ–¥ –Ω–∞–∑–∞–¥
People Having A Worse Day Than You: Funny Fails,FailArmy,https://www.youtube.com/watch?v=AMzyJ8XJTbk,"1,2¬†–º–ª–Ω ",23_09_2022,1 –≥–æ–¥ –Ω–∞–∑–∞–¥
Bubble Trouble: Fails of the Week (January 2021),FailArmy,https://www.youtube.com/watch?v=tlNyk9yoDEQ,"1,3¬†–º–ª–Ω ",23_09_2022,1 –≥–æ–¥ –Ω–∞–∑–∞–¥
Nordic Nosedive:  Skiing Fails,,https://www.youtube.com/watch?v=Cb2GyIgnSNM,644¬†—Ç—ã—Å. ,23_09_2022,1 –≥–æ–¥ –Ω–∞–∑–∞–¥
We Have Lift Off: Fails of the Week (January 2021),FailArmy,https://www.youtube.com/watch?v=QRMA-LapZkw,"3,6¬†–º–ª–Ω ",23_09_2022,1 –≥–æ–¥ –Ω–∞–∑–∞–¥
Stupidity At Its Best,FailArmy,https://www.youtube.com/watch?v=Zcnh5cU25vU,"9,1¬†–º–ª–Ω ",23_09_2022,1 –≥–æ–¥ –Ω–∞–∑–∞–¥
Bear With Me: Fails of the Week (January 2021),,https://www.youtube.com/watch?v=Ewu7jxcOVkE,"2,2¬†–º–ª–Ω ",23_09_2022,1 –≥–æ–¥ –Ω–∞–∑–∞–¥
54 TERRIBLE DANCERS,,https://www.youtube.com/watch?v=wO7TSbN2-RM,504¬†—Ç—ã—Å. ,23_09_2022,1 –≥–æ–¥ –Ω–∞–∑–∞–¥
Strangest Moments of the Year (2020),FailArmy,https://www.youtube.com/watch?v=hcCnzIc7I_8,932¬†—Ç—ã—Å. ,23_09_2022,1 –≥–æ–¥ –Ω–∞–∑–∞–¥
Top 100 Fails of the Year (2020),FailArmy,https://www.youtube.com/watch?v=253DiiFjVak,31¬†–º–ª–Ω ,23_09_2022,1 –≥–æ–¥ –Ω–∞–∑–∞–¥
Best Fails I Had With My Friends (2020),FailArmy,https://www.youtube.com/watch?v=2-7sin5Bdt8,541¬†—Ç—ã—Å. ,23_09_2022,1 –≥–æ–¥ –Ω–∞–∑–∞–¥
Crash of the Titans,"You Break It, We Buy It",https://www.youtube.com/watch?v=DAbO1EMxAIk,94¬†—Ç—ã—Å. ,23_09_2022,1 –≥–æ–¥ –Ω–∞–∑–∞–¥
Top 100 Fails of the Year Part 5 (2020),FailArmy,https://www.youtube.com/watch?v=ZVn9om-CuG8,673¬†—Ç—ã—Å. ,23_09_2022,1 –≥–æ–¥ –Ω–∞–∑–∞–¥
The Ultimate Christmas Fail Compilation - The 8 Fails of Failmas,,https://www.youtube.com/watch?v=bs4F_VJwmS0,"4,9¬†–º–ª–Ω ",23_09_2022,1 –≥–æ–¥ –Ω–∞–∑–∞–¥
It‚Äôs The Most Wonderful Time of the Year,,https://www.youtube.com/watch?v=EoIltWzL6AM,855¬†—Ç—ã—Å. ,23_09_2022,1 –≥–æ–¥ –Ω–∞–∑–∞–¥
Top 100 Fails of the Year Part 4 (2020),FailArmy,https://www.youtube.com/watch?v=p59yIK9utRo,877¬†—Ç—ã—Å. ,23_09_2022,1 –≥–æ–¥ –Ω–∞–∑–∞–¥
Best Animal Fails of 2020,FailArmy,https://www.youtube.com/watch?v=s6g5qS52Gtw,866¬†—Ç—ã—Å. ,23_09_2022,1 –≥–æ–¥ –Ω–∞–∑–∞–¥
Broken Golf Club Redemption,"You Break It, We Buy It",https://www.youtube.com/watch?v=IAmNwEA5_P4,67¬†—Ç—ã—Å. ,23_09_2022,1 –≥–æ–¥ –Ω–∞–∑–∞–¥
Top 100 Fails of the Year Part 3 (2020),FailArmy,https://www.youtube.com/watch?v=WgGNqdT_3WU,784¬†—Ç—ã—Å. ,23_09_2022,1 –≥–æ–¥ –Ω–∞–∑–∞–¥
üî• Virtual Yule Log - Dumpster Fire 2020 - FailArmy Classic Christmas Soundtrack üî•,,https://www.youtube.com/watch?v=95tKy4R7wHA,116¬†—Ç—ã—Å. ,23_09_2022,1 –≥–æ–¥ –Ω–∞–∑–∞–¥
Funny Feminine Fails,FailArmy,https://www.youtube.com/watch?v=Jn9aOotpCIU,3¬†–º–ª–Ω ,23_09_2022,1 –≥–æ–¥ –Ω–∞–∑–∞–¥
Clash of the Clubs,"You Break It, We Buy It",https://www.youtube.com/watch?v=UVOmZrIwKqo,55¬†—Ç—ã—Å. ,23_09_2022,1 –≥–æ–¥ –Ω–∞–∑–∞–¥
Top Fails of 2020 Part 2,FailArmy,https://www.youtube.com/watch?v=DCp8LxrIxOo,"1,2¬†–º–ª–Ω ",23_09_2022,1 –≥–æ–¥ –Ω–∞–∑–∞–¥
Best Pranks of the Year (2020),FailArmy,https://www.youtube.com/watch?v=9FMtl_c7SL4,"6,1¬†–º–ª–Ω ",23_09_2022,1 –≥–æ–¥ –Ω–∞–∑–∞–¥
We Bought This Dude A ????,"You Break It, We Buy It",https://www.youtube.com/watch?v=7jk-RTFS8h8,89¬†—Ç—ã—Å. ,23_09_2022,1 –≥–æ–¥ –Ω–∞–∑–∞–¥
Top Fails of 2020 Part 1,FailArmy,https://www.youtube.com/watch?v=GCchK_G_POo,"1,4¬†–º–ª–Ω ",23_09_2022,1 –≥–æ–¥ –Ω–∞–∑–∞–¥
50 People Who Are Having A Bad Day,FailArmy,https://www.youtube.com/watch?v=2rGGlKePdgw,"4,8¬†–º–ª–Ω ",23_09_2022,1 –≥–æ–¥ –Ω–∞–∑–∞–¥
The Broken Bed,"You Break It, We Buy It",https://www.youtube.com/watch?v=Xro-s2zmK04,74¬†—Ç—ã—Å. ,23_09_2022,1 –≥–æ–¥ –Ω–∞–∑–∞–¥
Destroyed Televisions,"You Break It, We Buy It",https://www.youtube.com/watch?v=-avc_AADeac,161¬†—Ç—ã—Å. ,23_09_2022,1 –≥–æ–¥ –Ω–∞–∑–∞–¥
"Look Out, Man! Fails of the Week (December 2020)",,https://www.youtube.com/watch?v=Xc8k68DVpl8,"1,4¬†–º–ª–Ω ",23_09_2022,1 –≥–æ–¥ –Ω–∞–∑–∞–¥
Bon Voyage: Ridiculous Transportation Fails and Mishaps,FailArmy,https://www.youtube.com/watch?v=9o8g-b2jUDo,"1,7¬†–º–ª–Ω ",23_09_2022,1 –≥–æ–¥ –Ω–∞–∑–∞–¥
Destroyed Televisions,"You Break It, We Buy It",https://www.youtube.com/watch?v=kHyyA2NxpSo,119¬†—Ç—ã—Å. ,23_09_2022,1 –≥–æ–¥ –Ω–∞–∑–∞–¥
"I'm Sorry, Mom: Fails of the Week (November 2020)",,https://www.youtube.com/watch?v=pT9XNqLZln0,"1,1¬†–º–ª–Ω ",23_09_2022,1 –≥–æ–¥ –Ω–∞–∑–∞–¥
Gobble Gobble: Turkey Day is Coming,FailArmy,https://www.youtube.com/watch?v=Xum02ZQ6wk4,438¬†—Ç—ã—Å. ,23_09_2022,1 –≥–æ–¥ –Ω–∞–∑–∞–¥
Skateboard Fail Redemption,"You Break It, We Buy It",https://www.youtube.com/watch?v=6L3Q_2ZkXk4,109¬†—Ç—ã—Å. ,23_09_2022,1 –≥–æ–¥ –Ω–∞–∑–∞–¥
"Big Wave, Bigger Trouble: Fails of the Week (November 2020)",FailArmy,https://www.youtube.com/watch?v=glYETnxdoMA,"1,2¬†–º–ª–Ω ",23_09_2022,1 –≥–æ–¥ –Ω–∞–∑–∞–¥
She Wasn't Expecting THAT! Best Pranks of The Week,FailArmy,https://www.youtube.com/watch?v=sPx1ZASUV1U,"2,5¬†–º–ª–Ω ",23_09_2022,1 –≥–æ–¥ –Ω–∞–∑–∞–¥
Skateboard Fail Redemption,"You Break It, We Buy It",https://www.youtube.com/watch?v=_XT7_q8jNE4,136¬†—Ç—ã—Å. ,23_09_2022,1 –≥–æ–¥ –Ω–∞–∑–∞–¥
Wall to Wall Fails: Fails of the Week (November 2020),,https://www.youtube.com/watch?v=AG5qWNv0yCA,"1,8¬†–º–ª–Ω ",23_09_2022,1 –≥–æ–¥ –Ω–∞–∑–∞–¥
40 Ridiculous Beauty and Hair Fails,FailArmy,https://www.youtube.com/watch?v=A2cYMSXlanE,1¬†–º–ª–Ω ,23_09_2022,1 –≥–æ–¥ –Ω–∞–∑–∞–¥
Boo! Spooky Zombie! Fails of the Week (November 2020),,https://www.youtube.com/watch?v=4ocQSj9JPM8,"1,8¬†–º–ª–Ω ",23_09_2022,1 –≥–æ–¥ –Ω–∞–∑–∞–¥
Epic Drone Fails - Top 40 Drone Fails of All Time,FailArmy,https://www.youtube.com/watch?v=s3iML1HgVGI,"1,5¬†–º–ª–Ω ",23_09_2022,1 –≥–æ–¥ –Ω–∞–∑–∞–¥
Achoo! Fails of the Week (October 2020),,https://www.youtube.com/watch?v=maqUxRXQ-4I,"1,6¬†–º–ª–Ω ",23_09_2022,1 –≥–æ–¥ –Ω–∞–∑–∞–¥
Bad Hair Day: Fails of the Week (October 2020),FailArmy,https://www.youtube.com/watch?v=s9Nb1k1_-9o,"1,2¬†–º–ª–Ω ",23_09_2022,1 –≥–æ–¥ –Ω–∞–∑–∞–¥
Look at My Package: Delivery Fails,FailArmy,https://www.youtube.com/watch?v=uf3Mo0U8Y9s,"1,4¬†–º–ª–Ω ",23_09_2022,1 –≥–æ–¥ –Ω–∞–∑–∞–¥
Lost in Translation: Fails of the Week (October 2020),FailArmy,https://www.youtube.com/watch?v=O6YvUy08MVk,"1,1¬†–º–ª–Ω ",23_09_2022,1 –≥–æ–¥ –Ω–∞–∑–∞–¥
Remote Controlled Chaos (October 2020),FailArmy,https://www.youtube.com/watch?v=-3subY9VcNk,2¬†–º–ª–Ω ,23_09_2022,1 –≥–æ–¥ –Ω–∞–∑–∞–¥
Taco Time: Fails of the Week (October 2020),FailArmy,https://www.youtube.com/watch?v=VCjygJJzUUk,3¬†–º–ª–Ω ,23_09_2022,1 –≥–æ–¥ –Ω–∞–∑–∞–¥
Lord of Destruction: Break Everything,FailArmy,https://www.youtube.com/watch?v=pogxUEj04sc,"2,4¬†–º–ª–Ω ",23_09_2022,2 –≥–æ–¥–∞ –Ω–∞–∑–∞–¥
Zany Zombie: Fails of the Week (September 2020),FailArmy,https://www.youtube.com/watch?v=hAn43wBfKq8,"1,4¬†–º–ª–Ω ",23_09_2022,2 –≥–æ–¥–∞ –Ω–∞–∑–∞–¥
You're Grounded,FailArmy,https://www.youtube.com/watch?v=3oycBiqs6Rw,"5,3¬†–º–ª–Ω ",23_09_2022,2 –≥–æ–¥–∞ –Ω–∞–∑–∞–¥
Relationship Goals: Forever Alone,,https://www.youtube.com/watch?v=kWgRQ6fi-2I,"1,7¬†–º–ª–Ω ",23_09_2022,2 –≥–æ–¥–∞ –Ω–∞–∑–∞–¥
Horsing Around: Fails of the Week (August 2020),,https://www.youtube.com/watch?v=2qyDhOblmwY,"1,2¬†–º–ª–Ω ",23_09_2022,2 –≥–æ–¥–∞ –Ω–∞–∑–∞–¥
I Regret Everything (August 2020),FailArmy,https://www.youtube.com/watch?v=3_dTjmqcXhE,"3,2¬†–º–ª–Ω ",23_09_2022,2 –≥–æ–¥–∞ –Ω–∞–∑–∞–¥
Q-Tip Chaos: Fails of the Week (August 2020),FailArmy,https://www.youtube.com/watch?v=tx2evxicsRM,"1,1¬†–º–ª–Ω ",23_09_2022,2 –≥–æ–¥–∞ –Ω–∞–∑–∞–¥
School Days: Already Failing (August 2020),,https://www.youtube.com/watch?v=xghurUzzZGU,870¬†—Ç—ã—Å. ,23_09_2022,2 –≥–æ–¥–∞ –Ω–∞–∑–∞–¥
Bird is the Word: Fails of the Week (August 2020),FailArmy,https://www.youtube.com/watch?v=uQbLslfpKxw,"1,2¬†–º–ª–Ω ",23_09_2022,2 –≥–æ–¥–∞ –Ω–∞–∑–∞–¥
The Blind Leading the Blind (August 2020),FailArmy,https://www.youtube.com/watch?v=1heax6FBhiA,819¬†—Ç—ã—Å. ,23_09_2022,2 –≥–æ–¥–∞ –Ω–∞–∑–∞–¥
"Please Help Me, I'm Falling: Fails of the Week (August 2020)",,https://www.youtube.com/watch?v=hUvV401elPc,4¬†–º–ª–Ω ,23_09_2022,2 –≥–æ–¥–∞ –Ω–∞–∑–∞–¥
Welp: That Didn't End Well,,https://www.youtube.com/watch?v=wcURBiEy4rk,"1,5¬†–º–ª–Ω ",23_09_2022,2 –≥–æ–¥–∞ –Ω–∞–∑–∞–¥
Best Fails of the Year (So Far) 2020,FailArmy,https://www.youtube.com/watch?v=D46jk5Tp38c,10¬†–º–ª–Ω ,23_09_2022,2 –≥–æ–¥–∞ –Ω–∞–∑–∞–¥
I Hate Chores (July 2020),FailArmy,https://www.youtube.com/watch?v=jdEM_Xt2JZs,710¬†—Ç—ã—Å. ,23_09_2022,2 –≥–æ–¥–∞ –Ω–∞–∑–∞–¥
I'm So Tired of Struggling (July 2020),FailArmy,https://www.youtube.com/watch?v=1fpa4sgRUFc,"1,6¬†–º–ª–Ω ",23_09_2022,2 –≥–æ–¥–∞ –Ω–∞–∑–∞–¥
How I Cracked My Cellphone Screen (July 2020),FailArmy,https://www.youtube.com/watch?v=rvNLo4oQYIw,641¬†—Ç—ã—Å. ,23_09_2022,2 –≥–æ–¥–∞ –Ω–∞–∑–∞–¥
18 Hilarious Moments Caught On Security Cameras,FailArmy,https://www.youtube.com/watch?v=_gOie53gIoI,830¬†—Ç—ã—Å. ,23_09_2022,2 –≥–æ–¥–∞ –Ω–∞–∑–∞–¥
Bad Day at Work - Best Funny Work Fails 2020,,https://www.youtube.com/watch?v=KNexq5DXScA,782¬†—Ç—ã—Å. ,23_09_2022,2 –≥–æ–¥–∞ –Ω–∞–∑–∞–¥
Woman Shock With Airplane Passengers Foot Next to Her,Fails of The Week 2020,https://www.youtube.com/watch?v=gZt5yJnXFCE,"1,3¬†–º–ª–Ω ",23_09_2022,2 –≥–æ–¥–∞ –Ω–∞–∑–∞–¥
29 Fail Videos That Prove The Existence Of Gravity 2020,FailArmy,https://www.youtube.com/watch?v=0aZoHLTGU5Q,"1,1¬†–º–ª–Ω ",23_09_2022,2 –≥–æ–¥–∞ –Ω–∞–∑–∞–¥
TRY NOT TO LAUGH - Best BACK TO SCHOOL Fails Compilation 2020,FailArmy,https://www.youtube.com/watch?v=uB2v7zoM4Ig,"1,7¬†–º–ª–Ω ",23_09_2022,2 –≥–æ–¥–∞ –Ω–∞–∑–∞–¥
Funniest Fails Compilation : Try Not To Laugh 2020,FailArmy,https://www.youtube.com/watch?v=56HIsX7rZqo,"1,6¬†–º–ª–Ω ",23_09_2022,2 –≥–æ–¥–∞ –Ω–∞–∑–∞–¥
Hilarious Dogs üê∂ - Awesome Funny Pet Animals Videos,FailArmy,https://www.youtube.com/watch?v=ybjO1UlKlWc,997¬†—Ç—ã—Å. ,23_09_2022,2 –≥–æ–¥–∞ –Ω–∞–∑–∞–¥
Hilarious Double Fails Compilation 2020,Funny FailArmy,https://www.youtube.com/watch?v=EtVpMdUu1xI,"1,3¬†–º–ª–Ω ",23_09_2022,2 –≥–æ–¥–∞ –Ω–∞–∑–∞–¥
8 Reasons Why Being New In Town is Tough,,https://www.youtube.com/watch?v=2DHEbCDibaM,622¬†—Ç—ã—Å. ,23_09_2022,2 –≥–æ–¥–∞ –Ω–∞–∑–∞–¥
Adjust Your Attitude - People With Anger Issues,FailArmy 2020,https://www.youtube.com/watch?v=LpM9MFATzzw,"1,3¬†–º–ª–Ω ",23_09_2022,2 –≥–æ–¥–∞ –Ω–∞–∑–∞–¥
Wave Takes Out Woman: Hilarious Fails,FailArmy,https://www.youtube.com/watch?v=ZGJbgim2oiM,"1,3¬†–º–ª–Ω ",23_09_2022,2 –≥–æ–¥–∞ –Ω–∞–∑–∞–¥
Captain of Failure : Water Fails Compilation,FailArmy,https://www.youtube.com/watch?v=BzuOOeNZyXo,"2,6¬†–º–ª–Ω ",23_09_2022,2 –≥–æ–¥–∞ –Ω–∞–∑–∞–¥
Cop/Criminal Fails: I Need a Lawyer,FailArmy,https://www.youtube.com/watch?v=_ItEEQLqvBA,1¬†–º–ª–Ω ,23_09_2022,2 –≥–æ–¥–∞ –Ω–∞–∑–∞–¥
Body Builder Prank: Can't Reach His Back - Funny Videos,FailArmy,https://www.youtube.com/watch?v=eQtYYndJP8s,2¬†–º–ª–Ω ,23_09_2022,2 –≥–æ–¥–∞ –Ω–∞–∑–∞–¥
TRY NOT TO LAUGH - Funny SCARE PRANKS! FailArmy,,https://www.youtube.com/watch?v=Z3m0HkRaiYk,"1,2¬†–º–ª–Ω ",23_09_2022,2 –≥–æ–¥–∞ –Ω–∞–∑–∞–¥
Things to DO When You're Under Quarantine (March 2020),FailArmy,https://www.youtube.com/watch?v=Ff6PU7EhweU,"3,6¬†–º–ª–Ω ",23_09_2022,2 –≥–æ–¥–∞ –Ω–∞–∑–∞–¥
Epic Boat Fails 2020: Funniest Water Videos,FailArmy,https://www.youtube.com/watch?v=ArkJiu5PCbY,"7,9¬†–º–ª–Ω ",23_09_2022,2 –≥–æ–¥–∞ –Ω–∞–∑–∞–¥
Man Loses Shoes Slipping On Icy Driveway,FailArmy,https://www.youtube.com/watch?v=B_49Y7NiP_8,"2,5¬†–º–ª–Ω ",23_09_2022,2 –≥–æ–¥–∞ –Ω–∞–∑–∞–¥
Sporting Fails! Ready for the Super Bowl!,FailArmy,https://www.youtube.com/watch?v=QYAcnH4vKe0,910¬†—Ç—ã—Å. ,23_09_2022,2 –≥–æ–¥–∞ –Ω–∞–∑–∞–¥
"Pets, Interrupted (January 2020)",FailArmy,https://www.youtube.com/watch?v=uLZfdZmHTsg,"5,6¬†–º–ª–Ω ",23_09_2022,2 –≥–æ–¥–∞ –Ω–∞–∑–∞–¥
Busted: Bad Boys (January 2020),FailArmy,https://www.youtube.com/watch?v=wXr1oq-pxwo,"3,2¬†–º–ª–Ω ",23_09_2022,2 –≥–æ–¥–∞ –Ω–∞–∑–∞–¥
New Year Fails 2020,FailArmy,https://www.youtube.com/watch?v=IrDbkeIPHug,"1,3¬†–º–ª–Ω ",23_09_2022,2 –≥–æ–¥–∞ –Ω–∞–∑–∞–¥
Top 100 Fails of the Year Part 3 (2019),FailArmy,https://www.youtube.com/watch?v=Up2VfbUVMfU,"2,2¬†–º–ª–Ω ",23_09_2022,2 –≥–æ–¥–∞ –Ω–∞–∑–∞–¥
Man Can't Find Phone On His Back: Top Fails of the Year,FailArmy,https://www.youtube.com/watch?v=VsqAaZiAB_E,"2,3¬†–º–ª–Ω ",23_09_2022,2 –≥–æ–¥–∞ –Ω–∞–∑–∞–¥
Fashion Fails: Coke in Carbonator?! What Could Go Wrong?!,FailArmy,https://www.youtube.com/watch?v=8pmZyK0rNkc,"1,1¬†–º–ª–Ω ",23_09_2022,2 –≥–æ–¥–∞ –Ω–∞–∑–∞–¥
Break Fails: Fails Of The Week Compilation,FailArmy,https://www.youtube.com/watch?v=I9AjBZZUdPc,"1,2¬†–º–ª–Ω ",23_09_2022,2 –≥–æ–¥–∞ –Ω–∞–∑–∞–¥
What's For Lunch? Food Fails (November 2019),FailArmy,https://www.youtube.com/watch?v=Lx7dZrKzPTA,"1,1¬†–º–ª–Ω ",23_09_2022,2 –≥–æ–¥–∞ –Ω–∞–∑–∞–¥
Try Not To Laugh Watching Funny Animal Fails Compilation 2020,,https://www.youtube.com/watch?v=YsbsLw8Qgn4,3¬†–º–ª–Ω ,23_09_2022,2 –≥–æ–¥–∞ –Ω–∞–∑–∞–¥
The Best Work Fails: Bad Day at Work 2020,FailArmy,https://www.youtube.com/watch?v=QaJg8gdpM_0,"6,1¬†–º–ª–Ω ",23_09_2022,2 –≥–æ–¥–∞ –Ω–∞–∑–∞–¥
Public Freakout Compilation 2020,FailArmy,https://www.youtube.com/watch?v=wPoeLo5TuyI,4¬†–º–ª–Ω ,23_09_2022,2 –≥–æ–¥–∞ –Ω–∞–∑–∞–¥
32 Fails Guaranteed To Make You Laugh,FailArmy,https://www.youtube.com/watch?v=lnXeybyTycg,3¬†–º–ª–Ω ,23_09_2022,2 –≥–æ–¥–∞ –Ω–∞–∑–∞–¥
21 Internet Classic Viral Videos Compilation,FailArmy,https://www.youtube.com/watch?v=mpaBTcNiI3A,"4,7¬†–º–ª–Ω ",23_09_2022,3 –≥–æ–¥–∞ –Ω–∞–∑–∞–¥
TRY NOT TO LAUGH - EPIC FAILS,Funny Videos FailArmy,https://www.youtube.com/watch?v=9MBshxwBfis,"1,9¬†–º–ª–Ω ",23_09_2022,3 –≥–æ–¥–∞ –Ω–∞–∑–∞–¥
Funny Farm Tractor Fails Compilation,FailArmy,https://www.youtube.com/watch?v=dG3Vp8yTIPI,"1,3¬†–º–ª–Ω ",23_09_2022,3 –≥–æ–¥–∞ –Ω–∞–∑–∞–¥
Sea Lion Steals Man's Fish: Fails Compilation,FailArmy,https://www.youtube.com/watch?v=OvSowXSHLuY,"1,7¬†–º–ª–Ω ",23_09_2022,3 –≥–æ–¥–∞ –Ω–∞–∑–∞–¥
Fails Guaranteed To Make You Laugh 2020: Funny Fails Compilation,FailArmy,https://www.youtube.com/watch?v=LIS00fluB5o,"8,3¬†–º–ª–Ω ",23_09_2022,3 –≥–æ–¥–∞ –Ω–∞–∑–∞–¥
37 Moments In Sports They Try to Forget: Instant Regret,FailArmy,https://www.youtube.com/watch?v=Ci9DRUTDcis,"4,1¬†–º–ª–Ω ",23_09_2022,3 –≥–æ–¥–∞ –Ω–∞–∑–∞–¥
Best Fails of the Year (So Far),FailArmy,https://www.youtube.com/watch?v=wZ_9KTAg1Yo,16¬†–º–ª–Ω ,23_09_2022,3 –≥–æ–¥–∞ –Ω–∞–∑–∞–¥
The Dumbest American Fails from all 50 States,FailArmy,https://www.youtube.com/watch?v=0P6e2YOQkJw,"6,2¬†–º–ª–Ω ",23_09_2022,3 –≥–æ–¥–∞ –Ω–∞–∑–∞–¥
TRY NOT TO LAUGH - Epic SUMMER FAILS Compilation,FailArmy,https://www.youtube.com/watch?v=LIhWCIPsC6s,"6,6¬†–º–ª–Ω ",23_09_2022,3 –≥–æ–¥–∞ –Ω–∞–∑–∞–¥
Scooter Stupidity: Funny Fails of the Week,FailArmy,https://www.youtube.com/watch?v=0KXA2PlDcKw,"5,1¬†–º–ª–Ω ",23_09_2022,3 –≥–æ–¥–∞ –Ω–∞–∑–∞–¥
Eye Popping Fails 2020: Fails of the Week l FailArmy,,https://www.youtube.com/watch?v=XIKGwDF0nck,"1,7¬†–º–ª–Ω ",23_09_2022,3 –≥–æ–¥–∞ –Ω–∞–∑–∞–¥
32 Activities BANNED in the House,Funny Fails Video FailArmy,https://www.youtube.com/watch?v=3pJdogD6N74,"1,5¬†–º–ª–Ω ",23_09_2022,3 –≥–æ–¥–∞ –Ω–∞–∑–∞–¥
Off Balance: Fails of the Week (June 2019),FailArmy,https://www.youtube.com/watch?v=DHi4K5RzIbE,"2,2¬†–º–ª–Ω ",23_09_2022,3 –≥–æ–¥–∞ –Ω–∞–∑–∞–¥
Planet Earth: FailArmy Fails Edition,FailArmy,https://www.youtube.com/watch?v=tszy3gZhUrU,"4,3¬†–º–ª–Ω ",23_09_2022,3 –≥–æ–¥–∞ –Ω–∞–∑–∞–¥
That's Going to Leave a MARK!,,https://www.youtube.com/watch?v=J4uvkfl2oQ0,"1,5¬†–º–ª–Ω ",23_09_2022,3 –≥–æ–¥–∞ –Ω–∞–∑–∞–¥
Bad Hair Day: Fails of the week (April 2019),FailArmy,https://www.youtube.com/watch?v=Tm85s7X77Vw,"2,5¬†–º–ª–Ω ",23_09_2022,3 –≥–æ–¥–∞ –Ω–∞–∑–∞–¥
NOT THE SMARTEST DOGS - Derpy Dogs - LAUGH Compilation,,https://www.youtube.com/watch?v=JOVbv6wX-Kk,"8,1¬†–º–ª–Ω ",23_09_2022,3 –≥–æ–¥–∞ –Ω–∞–∑–∞–¥
Best Water Fails,,https://www.youtube.com/watch?v=UT7j_1xXYoY,6¬†–º–ª–Ω ,23_09_2022,3 –≥–æ–¥–∞ –Ω–∞–∑–∞–¥
OUCH! That Does NOT Belong There!,,https://www.youtube.com/watch?v=kN-6KiWl260,"3,1¬†–º–ª–Ω ",23_09_2022,3 –≥–æ–¥–∞ –Ω–∞–∑–∞–¥
Fish Slaps Woman During A Storm,You wouldn't Believe it FailArmy,https://www.youtube.com/watch?v=SqY8efoKG5w,"1,1¬†–º–ª–Ω ",23_09_2022,3 –≥–æ–¥–∞ –Ω–∞–∑–∞–¥
Expensive Technology Fails: This is Why I'm Broke,FailArmy,https://www.youtube.com/watch?v=ZYUQm9O33pM,"6,1¬†–º–ª–Ω ",23_09_2022,3 –≥–æ–¥–∞ –Ω–∞–∑–∞–¥
Funny Mattress Fails And Wins Compilation,FailArmy,https://www.youtube.com/watch?v=ctqVcopSA_c,"5,7¬†–º–ª–Ω ",23_09_2022,3 –≥–æ–¥–∞ –Ω–∞–∑–∞–¥
Ultimate Beach Fails,Funniest Beach Fail Compilation 2020,https://www.youtube.com/watch?v=U1bIBgeQkac,"6,8¬†–º–ª–Ω ",23_09_2022,3 –≥–æ–¥–∞ –Ω–∞–∑–∞–¥
Party On: Lets Get Wild!,FailArmy,https://www.youtube.com/watch?v=2TAzv_vRqmo,"1,5¬†–º–ª–Ω ",23_09_2022,3 –≥–æ–¥–∞ –Ω–∞–∑–∞–¥
PEOPLE VS GLASS! Broken Windows Shattered Glass,FailArmy,https://www.youtube.com/watch?v=4MjJFg7rA4g,"2,4¬†–º–ª–Ω ",23_09_2022,3 –≥–æ–¥–∞ –Ω–∞–∑–∞–¥
Living on the Edge: Send It! (November 2018),FailArmy,https://www.youtube.com/watch?v=xss1UUuhsYM,2¬†–º–ª–Ω ,23_09_2022,3 –≥–æ–¥–∞ –Ω–∞–∑–∞–¥
Cut it Out: Knife Fails (October 2018),FailArmy,https://www.youtube.com/watch?v=uQCwRducGB4,"1,3¬†–º–ª–Ω ",23_09_2022,3 –≥–æ–¥–∞ –Ω–∞–∑–∞–¥
Amusement Park Fails: This Was Supposed to Be Fun!,FailArmy,https://www.youtube.com/watch?v=ymEkpfyD6Rs,"3,9¬†–º–ª–Ω ",23_09_2022,4 –≥–æ–¥–∞ –Ω–∞–∑–∞–¥
Epic Cat Fails Compilation,Funny Try Not to Laugh! FailArmy,https://www.youtube.com/watch?v=oQohlprQiWc,"1,5¬†–º–ª–Ω ",23_09_2022,4 –≥–æ–¥–∞ –Ω–∞–∑–∞–¥
Animals Can Be Jerks! Funny Video,FailArmy,https://www.youtube.com/watch?v=ZMel6h2jywk,10¬†–º–ª–Ω ,23_09_2022,4 –≥–æ–¥–∞ –Ω–∞–∑–∞–¥
Funniest Dog Fail Compilation 2020,,https://www.youtube.com/watch?v=8E5VBD10qBw,"1,8¬†–º–ª–Ω ",23_09_2022,4 –≥–æ–¥–∞ –Ω–∞–∑–∞–¥
Fails of The Week: Fan Submissions,FailArmy,https://www.youtube.com/watch?v=xOVe8GRrHnQ,948¬†—Ç—ã—Å. ,23_09_2022,4 –≥–æ–¥–∞ –Ω–∞–∑–∞–¥
Fails You Missed: Did That Girl Fart?,FailArmy,https://www.youtube.com/watch?v=qwCdx0FgTRE,9¬†–º–ª–Ω ,23_09_2022,4 –≥–æ–¥–∞ –Ω–∞–∑–∞–¥
Animals In Predicaments: Animal Fails,FailArmy,https://www.youtube.com/watch?v=iMDQT7KqIhM,"2,6¬†–º–ª–Ω ",23_09_2022,4 –≥–æ–¥–∞ –Ω–∞–∑–∞–¥
He Didn't EXPECT THAT!,,https://www.youtube.com/watch?v=YCKI4FtezDk,"5,5¬†–º–ª–Ω ",23_09_2022,4 –≥–æ–¥–∞ –Ω–∞–∑–∞–¥
Funny Fails Compilation: Try Not To Laugh!,FailArmy,https://www.youtube.com/watch?v=ot-zPATBzLQ,12¬†–º–ª–Ω ,23_09_2022,4 –≥–æ–¥–∞ –Ω–∞–∑–∞–¥
"Expensive Fails: Mo Money, Mo Fails",FailArmy,https://www.youtube.com/watch?v=AaWn4VP37SU,16¬†–º–ª–Ω ,23_09_2022,4 –≥–æ–¥–∞ –Ω–∞–∑–∞–¥
Fails You Missed: Didn't See That Coming,FailArmy,https://www.youtube.com/watch?v=IH6pbj6Ebec,"3,7¬†–º–ª–Ω ",23_09_2022,4 –≥–æ–¥–∞ –Ω–∞–∑–∞–¥
Man Breaks Laptop Breakdancing: Fails of The Week,FailArmy,https://www.youtube.com/watch?v=ekwpkpLg3gQ,3¬†–º–ª–Ω ,23_09_2022,4 –≥–æ–¥–∞ –Ω–∞–∑–∞–¥
Crazy Drivers: Close Calls Compilation,FailArmy,https://www.youtube.com/watch?v=hyING6J2i6Q,"9,8¬†–º–ª–Ω ",23_09_2022,4 –≥–æ–¥–∞ –Ω–∞–∑–∞–¥
"Gym and Workout Fails: New Year, New Me",FailArmy,https://www.youtube.com/watch?v=2FOEfCcsqhw,4¬†–º–ª–Ω ,23_09_2022,4 –≥–æ–¥–∞ –Ω–∞–∑–∞–¥
Try Not to Laugh Challenge! Funny Fails,,https://www.youtube.com/watch?v=bf2ASh5vS-s,119¬†–º–ª–Ω ,23_09_2022,4 –≥–æ–¥–∞ –Ω–∞–∑–∞–¥
The Top 29 Dog Fails: Funny Dog Videos: FailArmy,,https://www.youtube.com/watch?v=-SY-aeSplco,"4,4¬†–º–ª–Ω ",23_09_2022,4 –≥–æ–¥–∞ –Ω–∞–∑–∞–¥
I Am Stuck In This Car!: Fails You Missed #16,FailArmy,https://www.youtube.com/watch?v=SM8xMRZz8xk,"1,5¬†–º–ª–Ω ",23_09_2022,4 –≥–æ–¥–∞ –Ω–∞–∑–∞–¥
Funny Fails: Instant Regret Videos,FailArmy,https://www.youtube.com/watch?v=hVTj_oKlvZA,2¬†–º–ª–Ω ,23_09_2022,4 –≥–æ–¥–∞ –Ω–∞–∑–∞–¥
Top 25 Halloween Videos,,https://www.youtube.com/watch?v=tTkqbgaKjP0,"4,8¬†–º–ª–Ω ",23_09_2022,4 –≥–æ–¥–∞ –Ω–∞–∑–∞–¥
Best Fail Reactions: Now That's Funny! (Sep 2017),FailArmy,https://www.youtube.com/watch?v=8QDITxYc02Y,"3,3¬†–º–ª–Ω ",23_09_2022,5 –ª–µ—Ç –Ω–∞–∑–∞–¥
He Did WHAT?! Wins and Fails,FailArmy,https://www.youtube.com/watch?v=TzQfpxYXzBk,14¬†–º–ª–Ω ,23_09_2022,5 –ª–µ—Ç –Ω–∞–∑–∞–¥
Back To School Fails : Hall of Fame,FailArmy,https://www.youtube.com/watch?v=aCPTid5qBQc,"3,9¬†–º–ª–Ω ",23_09_2022,5 –ª–µ—Ç –Ω–∞–∑–∞–¥
Sticks vs. Stones: FailArmy Versus (Sep 2017),FailArmy,https://www.youtube.com/watch?v=J_ebXdZe-I4,"2,8¬†–º–ª–Ω ",23_09_2022,5 –ª–µ—Ç –Ω–∞–∑–∞–¥
Funny Pet Fails: Funniest Pet Video Compilation,FailArmy,https://www.youtube.com/watch?v=hNdlUHBJDKs,"6,1¬†–º–ª–Ω ",23_09_2022,5 –ª–µ—Ç –Ω–∞–∑–∞–¥
Cooking Food Fails,,https://www.youtube.com/watch?v=v0KfinYm9rI,"2,2¬†–º–ª–Ω ",23_09_2022,5 –ª–µ—Ç –Ω–∞–∑–∞–¥
Workplace Fails: You're Fired!,FailArmy,https://www.youtube.com/watch?v=wdodSJvt1z0,"6,7¬†–º–ª–Ω ",23_09_2022,5 –ª–µ—Ç –Ω–∞–∑–∞–¥
Expensive Fails: That's Going To Cost You!,FailArmy,https://www.youtube.com/watch?v=JB3MqIpNXhA,35¬†–º–ª–Ω ,23_09_2022,5 –ª–µ—Ç –Ω–∞–∑–∞–¥
Hilarious Summer vs. Winter Fails,Funny Videos: FailArmy,https://www.youtube.com/watch?v=VSG2eaAgTuU,"7,5¬†–º–ª–Ω ",23_09_2022,5 –ª–µ—Ç –Ω–∞–∑–∞–¥
26 Bad Friend Nominees: Hall Of Fame,FailArmy,https://www.youtube.com/watch?v=noOAMVL2PvM,"3,5¬†–º–ª–Ω ",23_09_2022,5 –ª–µ—Ç –Ω–∞–∑–∞–¥
Hilarious Truck Fails: TRY NOT TO LAUGH,FailArmy,https://www.youtube.com/watch?v=h9YnQzWiHKc,12¬†–º–ª–Ω ,23_09_2022,5 –ª–µ—Ç –Ω–∞–∑–∞–¥
What Could Go WRONG?!,Fails Of The Week - FailArmy,https://www.youtube.com/watch?v=7vHVnIKvON8,13¬†–º–ª–Ω ,23_09_2022,5 –ª–µ—Ç –Ω–∞–∑–∞–¥
People Vs. Nature Fails: Taken Out By Wave,FailArmy,https://www.youtube.com/watch?v=OSgYQl6GZbU,35¬†–º–ª–Ω ,23_09_2022,5 –ª–µ—Ç –Ω–∞–∑–∞–¥
Throwback Thursday: Are My Teeth OK? (May 2017),FailArmy,https://www.youtube.com/watch?v=mpFnH_LyBuQ,"3,2¬†–º–ª–Ω ",23_09_2022,5 –ª–µ—Ç –Ω–∞–∑–∞–¥
34 Workout Fails You DON'T Want To Repeat! FailArmy,,https://www.youtube.com/watch?v=nk8agwWigww,32¬†–º–ª–Ω ,23_09_2022,5 –ª–µ—Ç –Ω–∞–∑–∞–¥
Man Tries To Park Jeep On Wall and Fails,Fails Compilation,https://www.youtube.com/watch?v=1BIe29LC1Tg,"7,6¬†–º–ª–Ω ",23_09_2022,5 –ª–µ—Ç –Ω–∞–∑–∞–¥
LIKE A BOSS COMPILATION: People Are Awesome! Wins vs. Fails,Failarmy,https://www.youtube.com/watch?v=gdJ2PftaaWQ,7¬†–º–ª–Ω ,23_09_2022,5 –ª–µ—Ç –Ω–∞–∑–∞–¥
Winter Fails! Funny Winter Fails of The Week,FailArmy,https://www.youtube.com/watch?v=z1gtTVqmp3Q,25¬†–º–ª–Ω ,23_09_2022,5 –ª–µ—Ç –Ω–∞–∑–∞–¥
Girl Fails Video: Hot Mess Express: Best of the Year,FailArmy,https://www.youtube.com/watch?v=ZkmMu_zAbt8,20¬†–º–ª–Ω ,23_09_2022,5 –ª–µ—Ç –Ω–∞–∑–∞–¥
Like A Boss vs Fails Compilation: Wins vs. Fails,FailArmy,https://www.youtube.com/watch?v=l8Nx5JZoArU,17¬†–º–ª–Ω ,23_09_2022,5 –ª–µ—Ç –Ω–∞–∑–∞–¥
What Were They Thinking? Fails Caught On Camera,FailArmy,https://www.youtube.com/watch?v=jkl-TeRI2bc,"8,6¬†–º–ª–Ω ",23_09_2022,5 –ª–µ—Ç –Ω–∞–∑–∞–¥
Ultimate DRONE Fail Compilation!!! Drone Takedowns and Crashes üòÇ,FailArmy,https://www.youtube.com/watch?v=7Kfqbp9kn80,8¬†–º–ª–Ω ,23_09_2022,5 –ª–µ—Ç –Ω–∞–∑–∞–¥
Best Wins VS Fails Compilation: People Are Awesome,FailArmy,https://www.youtube.com/watch?v=Pnv4jhYI8wg,18¬†–º–ª–Ω ,23_09_2022,5 –ª–µ—Ç –Ω–∞–∑–∞–¥
Fail Olympics,,https://www.youtube.com/watch?v=ClRiAQmbAwc,"8,6¬†–º–ª–Ω ",23_09_2022,6 –ª–µ—Ç –Ω–∞–∑–∞–¥
Fail Olympics,,https://www.youtube.com/watch?v=M7xfAiY-C1c,13¬†–º–ª–Ω ,23_09_2022,6 –ª–µ—Ç –Ω–∞–∑–∞–¥
Best Fails of The Week: Funniest Fails Compilation: Funny Video,FailArmy,https://www.youtube.com/watch?v=94SKl5gmtQw,31¬†–º–ª–Ω ,23_09_2022,6 –ª–µ—Ç –Ω–∞–∑–∞–¥
FailArmy Presents: People are Awesome,Epic Win Compilation,https://www.youtube.com/watch?v=r5R7wxskMFM,"6,1¬†–º–ª–Ω ",23_09_2022,6 –ª–µ—Ç –Ω–∞–∑–∞–¥
*Try Not To Laugh Challenge* Funny Dogs Fail Compilation,FailArmy,https://www.youtube.com/watch?v=Eg86emJjbwk,11¬†–º–ª–Ω ,23_09_2022,6 –ª–µ—Ç –Ω–∞–∑–∞–¥
Try Not to Laugh Challenge! Best Fails Of The Week,FailArmy,https://www.youtube.com/watch?v=ndFTtjiFQAk,18¬†–º–ª–Ω ,23_09_2022,6 –ª–µ—Ç –Ω–∞–∑–∞–¥
Funny and Weird Weather,,https://www.youtube.com/watch?v=zoXM00Soj8U,52¬†–º–ª–Ω ,23_09_2022,6 –ª–µ—Ç –Ω–∞–∑–∞–¥
